ID,Your name:,Your e-mail:
1,John Doe,john.doe@email.com
2,Alice Smith,alice.smith@email.com
3,Bob Smith,bob.smith@email.com
4,Eve Miller,eve.miller@email.com
5,Kim Baker,kim.baker@email.com
6,Peter Mock,peter.mock@email.com
7,Mick den Ouden,mick.denouden@email.com
8,Hessel Roodenburg,hessel.roodenburg@email.com
9,Isaac Newton,isaac.newton@email.com
10,Thomas Edison,thomas.edison@email.com
11,Ollie Buijs,ollie.buijs@email.com
12,Mark Gamper,mark.gamper@email.com
13,Elisa Gummerer,elisa.gummerer@email.com
14,Michelle Olivia,michelle.olivia@email.com
15,Julian Scholz,julian.scholz@email.com
