elisa.gummerer@email.com,hessel.roodenburg@email.com,john.doe@email.com,mick.denouden@email.com
eve.miller@email.com,isaac.newton@email.com,thomas.edison@email.com
bob.smith@email.com,kim.baker@email.com,michelle.olivia@email.com,peter.mock@email.com
alice.smith@email.com,julian.scholz@email.com,mark.gamper@email.com,ollie.buijs@email.com
alice.smith@email.com,bob.smith@email.com,elisa.gummerer@email.com,eve.miller@email.com,hessel.roodenburg@email.com,isaac.newton@email.com,john.doe@email.com,julian.scholz@email.com,mark.gamper@email.com,michelle.olivia@email.com,mick.denouden@email.com,ollie.buijs@email.com,peter.mock@email.com
alice.smith@email.com,bob.smith@email.com,elisa.gummerer@email.com,eve.miller@email.com,hessel.roodenburg@email.com,isaac.newton@email.com,john.doe@email.com,kim.baker@email.com,mark.gamper@email.com,michelle.olivia@email.com,ollie.buijs@email.com,peter.mock@email.com,thomas.edison@email.com
hessel.roodenburg@email.com,john.doe@email.com,michelle.olivia@email.com
eve.miller@email.com,mark.gamper@email.com,thomas.edison@email.com
alice.smith@email.com,elisa.gummerer@email.com,isaac.newton@email.com
mick.denouden@email.com,ollie.buijs@email.com,peter.mock@email.com
bob.smith@email.com,julian.scholz@email.com,kim.baker@email.com
elisa.gummerer@email.com,isaac.newton@email.com,kim.baker@email.com
elisa.gummerer@email.com,isaac.newton@email.com,mick.denouden@email.com
eve.miller@email.com,isaac.newton@email.com,ollie.buijs@email.com
bob.smith@email.com,eve.miller@email.com,kim.baker@email.com
alice.smith@email.com,bob.smith@email.com,elisa.gummerer@email.com,eve.miller@email.com,hessel.roodenburg@email.com,isaac.newton@email.com,john.doe@email.com,julian.scholz@email.com,kim.baker@email.com,mark.gamper@email.com,michelle.olivia@email.com,mick.denouden@email.com,ollie.buijs@email.com,peter.mock@email.com,thomas.edison@email.com
alice.smith@email.com,elisa.gummerer@email.com,eve.miller@email.com,hessel.roodenburg@email.com,isaac.newton@email.com,john.doe@email.com,julian.scholz@email.com,kim.baker@email.com,mark.gamper@email.com,mick.denouden@email.com,ollie.buijs@email.com,peter.mock@email.com,thomas.edison@email.com
isaac.newton@email.com,julian.scholz@email.com,mick.denouden@email.com
alice.smith@email.com,bob.smith@email.com,elisa.gummerer@email.com,eve.miller@email.com,hessel.roodenburg@email.com,john.doe@email.com,kim.baker@email.com,mark.gamper@email.com,michelle.olivia@email.com,ollie.buijs@email.com,peter.mock@email.com,thomas.edison@email.com
alice.smith@email.com,elisa.gummerer@email.com,eve.miller@email.com,hessel.roodenburg@email.com,isaac.newton@email.com,john.doe@email.com,mark.gamper@email.com,mick.denouden@email.com,ollie.buijs@email.com,peter.mock@email.com,thomas.edison@email.com
alice.smith@email.com,hessel.roodenburg@email.com,mark.gamper@email.com
elisa.gummerer@email.com,eve.miller@email.com,isaac.newton@email.com,john.doe@email.com,julian.scholz@email.com,michelle.olivia@email.com,mick.denouden@email.com,ollie.buijs@email.com,peter.mock@email.com,thomas.edison@email.com
alice.smith@email.com,eve.miller@email.com,hessel.roodenburg@email.com,john.doe@email.com,julian.scholz@email.com,kim.baker@email.com,michelle.olivia@email.com,mick.denouden@email.com,ollie.buijs@email.com,peter.mock@email.com
elisa.gummerer@email.com,isaac.newton@email.com,mark.gamper@email.com
elisa.gummerer@email.com,eve.miller@email.com,hessel.roodenburg@email.com,isaac.newton@email.com,kim.baker@email.com,mark.gamper@email.com,michelle.olivia@email.com,ollie.buijs@email.com,peter.mock@email.com,thomas.edison@email.com
alice.smith@email.com,bob.smith@email.com,mick.denouden@email.com
bob.smith@email.com,elisa.gummerer@email.com,eve.miller@email.com,hessel.roodenburg@email.com,isaac.newton@email.com,john.doe@email.com,kim.baker@email.com,mick.denouden@email.com,ollie.buijs@email.com,peter.mock@email.com
julian.scholz@email.com,mark.gamper@email.com,michelle.olivia@email.com
alice.smith@email.com,elisa.gummerer@email.com,hessel.roodenburg@email.com,isaac.newton@email.com,kim.baker@email.com,mark.gamper@email.com,michelle.olivia@email.com,ollie.buijs@email.com,peter.mock@email.com,thomas.edison@email.com
eve.miller@email.com,john.doe@email.com,mick.denouden@email.com
alice.smith@email.com,bob.smith@email.com,eve.miller@email.com,hessel.roodenburg@email.com,isaac.newton@email.com,julian.scholz@email.com,michelle.olivia@email.com,mick.denouden@email.com,peter.mock@email.com,thomas.edison@email.com
john.doe@email.com,kim.baker@email.com,ollie.buijs@email.com
alice.smith@email.com,elisa.gummerer@email.com,eve.miller@email.com,isaac.newton@email.com,john.doe@email.com,kim.baker@email.com,michelle.olivia@email.com,mick.denouden@email.com,peter.mock@email.com,thomas.edison@email.com
bob.smith@email.com,julian.scholz@email.com,mark.gamper@email.com
alice.smith@email.com,bob.smith@email.com,elisa.gummerer@email.com,eve.miller@email.com,isaac.newton@email.com,julian.scholz@email.com,kim.baker@email.com,mark.gamper@email.com,michelle.olivia@email.com,mick.denouden@email.com
john.doe@email.com,ollie.buijs@email.com,peter.mock@email.com
alice.smith@email.com,bob.smith@email.com,elisa.gummerer@email.com,john.doe@email.com,julian.scholz@email.com,mark.gamper@email.com,mick.denouden@email.com,ollie.buijs@email.com,peter.mock@email.com,thomas.edison@email.com
eve.miller@email.com,isaac.newton@email.com,kim.baker@email.com
eve.miller@email.com,kim.baker@email.com,mick.denouden@email.com
alice.smith@email.com,bob.smith@email.com,hessel.roodenburg@email.com,isaac.newton@email.com,john.doe@email.com,julian.scholz@email.com,mark.gamper@email.com,ollie.buijs@email.com,peter.mock@email.com,thomas.edison@email.com
alice.smith@email.com,ollie.buijs@email.com,peter.mock@email.com
elisa.gummerer@email.com,mick.denouden@email.com
bob.smith@email.com,eve.miller@email.com,hessel.roodenburg@email.com,isaac.newton@email.com,john.doe@email.com,julian.scholz@email.com,kim.baker@email.com,mark.gamper@email.com,michelle.olivia@email.com,thomas.edison@email.com
