"Tijdstempel","Name","E-mail"
"2025/03/07 4:49:20 p.m. CET","John Doe","john.doe@email.com"
"2025/03/07 4:49:33 p.m. CET","Alice Smith","alice.smith@email.com"
"2025/03/07 4:50:13 p.m. CET","Bob Smith","bob.smith@email.com"
"2025/03/07 4:50:27 p.m. CET","Eve Miller","eve.miller@email.com"
"2025/03/07 4:50:39 p.m. CET","Kim Baker","kim.baker@email.com"
"2025/03/07 4:50:49 p.m. CET","Peter Mock","peter.mock@email.com"
"2025/03/07 4:50:59 p.m. CET","Mick den Ouden","mick.denouden@email.com"
"2025/03/07 4:51:08 p.m. CET","Hessel Roodenburg","hessel.roodenburg@email.com"
"2025/03/07 4:51:18 p.m. CET","Isaac Newton","isaac.newton@email.com"
"2025/03/07 4:51:27 p.m. CET","Thomas Edison","thomas.edison@email.com"
"2025/03/07 4:51:38 p.m. CET","Ollie Buijs","ollie.buijs@email.com"
"2025/03/07 4:51:48 p.m. CET","Mark Gamper","mark.gamper@email.com"
"2025/03/07 4:51:57 p.m. CET","Elisa Gummerer","elisa.gummerer@email.com"
"2025/03/07 4:52:07 p.m. CET","Michelle Olivia","michelle.olivia@email.com"
"2025/03/07 4:52:16 p.m. CET","Julian Scholz","julian.scholz@email.com"